"wv,m",B
1.20E-07,6.19E-02
1.21E-07,5.61E-01
1.22E-07,4.90E+00
1.23E-07,1.18E+00
1.24E-07,4.77E-02
1.25E-07,3.43E-02
1.26E-07,2.88E-02
1.27E-07,3.52E-02
1.28E-07,2.13E-02
1.29E-07,1.73E-02
1.30E-07,3.99E-02
1.31E-07,1.21E-01
1.32E-07,3.98E-02
1.33E-07,4.13E-02
1.34E-07,1.68E-01
1.35E-07,4.57E-02
1.36E-07,3.80E-02
1.37E-07,3.09E-02
1.38E-07,2.92E-02
1.39E-07,3.97E-02
1.40E-07,7.56E-02
1.41E-07,6.08E-02
1.42E-07,4.21E-02
1.43E-07,4.68E-02
1.44E-07,5.11E-02
1.45E-07,5.09E-02
1.46E-07,5.54E-02
1.47E-07,7.09E-02
1.48E-07,8.49E-02
1.49E-07,8.20E-02
1.50E-07,7.96E-02
1.51E-07,8.70E-02
1.52E-07,9.27E-02
1.53E-07,1.16E-01
1.54E-07,1.30E-01
1.55E-07,2.06E-01
1.56E-07,2.14E-01
1.57E-07,1.85E-01
1.58E-07,1.72E-01
1.59E-07,1.68E-01
1.60E-07,1.75E-01
1.61E-07,1.93E-01
1.62E-07,2.23E-01
1.63E-07,2.52E-01
1.64E-07,2.84E-01
1.65E-07,2.97E-01
1.66E-07,4.30E-01
1.67E-07,3.99E-01
1.68E-07,3.88E-01
1.69E-07,4.56E-01
1.70E-07,5.88E-01
1.71E-07,6.62E-01
1.72E-07,6.88E-01
1.73E-07,7.25E-01
1.74E-07,7.65E-01
1.75E-07,9.07E-01
1.76E-07,1.08E+00
1.77E-07,1.22E+00
1.78E-07,1.40E+00
1.79E-07,1.54E+00
1.80E-07,1.58E+00
1.81E-07,1.83E+00
1.82E-07,2.23E+00
1.83E-07,2.24E+00
1.84E-07,2.24E+00
1.85E-07,2.07E+00
1.86E-07,2.31E+00
1.87E-07,2.70E+00
1.88E-07,3.01E+00
1.89E-07,3.29E+00
1.90E-07,3.57E+00
1.91E-07,3.76E+00
1.92E-07,4.17E+00
1.93E-07,4.11E+00
1.94E-07,3.81E+00
1.95E-07,5.21E+00
1.96E-07,5.43E+00
1.97E-07,6.01E+00
1.98E-07,6.19E+00
1.99E-07,6.19E+00
2.00E-07,6.66E+00
2.01E-07,7.33E+00
2.02E-07,8.02E+00
2.03E-07,8.26E+00
2.04E-07,9.22E+00
2.05E-07,1.03E+01
2.06E-07,1.05E+01
2.07E-07,1.11E+01
2.08E-07,1.27E+01
2.09E-07,1.51E+01
2.10E-07,2.14E+01
2.11E-07,2.79E+01
2.12E-07,3.35E+01
2.13E-07,3.13E+01
2.14E-07,3.32E+01
2.15E-07,4.00E+01
2.16E-07,3.62E+01
2.17E-07,3.23E+01
2.18E-07,3.53E+01
2.19E-07,4.44E+01
2.20E-07,4.69E+01
2.21E-07,4.73E+01
2.22E-07,3.96E+01
2.23E-07,4.97E+01
2.24E-07,6.30E+01
2.25E-07,5.90E+01
2.26E-07,5.23E+01
2.27E-07,3.94E+01
2.28E-07,3.99E+01
2.29E-07,5.20E+01
2.30E-07,4.77E+01
2.31E-07,5.21E+01
2.32E-07,5.10E+01
2.33E-07,5.33E+01
2.34E-07,4.47E+01
2.35E-07,3.90E+01
2.36E-07,5.14E+01
2.37E-07,4.86E+01
2.38E-07,4.84E+01
2.39E-07,4.20E+01
2.40E-07,4.41E+01
2.41E-07,3.96E+01
2.42E-07,5.15E+01
2.43E-07,7.06E+01
2.44E-07,6.65E+01
2.45E-07,6.10E+01
2.46E-07,4.94E+01
2.47E-07,5.04E+01
2.48E-07,5.55E+01
2.49E-07,4.57E+01
2.50E-07,5.64E+01
2.51E-07,6.01E+01
2.52E-07,4.60E+01
2.53E-07,4.16E+01
2.54E-07,5.16E+01
2.55E-07,5.96E+01
2.56E-07,7.93E+01
2.57E-07,1.02E+02
2.58E-07,1.25E+02
2.59E-07,1.25E+02
2.60E-07,1.04E+02
2.61E-07,8.55E+01
2.62E-07,8.98E+01
2.63E-07,1.04E+02
2.64E-07,1.66E+02
2.65E-07,2.50E+02
2.66E-07,2.53E+02
2.67E-07,2.49E+02
2.68E-07,2.51E+02
2.69E-07,2.44E+02
2.70E-07,2.39E+02
2.71E-07,2.67E+02
2.72E-07,2.24E+02
2.73E-07,1.97E+02
2.74E-07,1.97E+02
2.75E-07,1.33E+02
2.76E-07,1.75E+02
2.77E-07,2.43E+02
2.78E-07,2.34E+02
2.79E-07,1.59E+02
2.80E-07,8.56E+01
2.81E-07,9.46E+01
2.82E-07,2.08E+02
2.83E-07,2.94E+02
2.84E-07,3.14E+02
2.85E-07,2.35E+02
2.86E-07,1.63E+02
2.87E-07,3.23E+02
2.88E-07,3.36E+02
2.89E-07,3.22E+02
2.90E-07,4.73E+02
2.91E-07,6.01E+02
2.92E-07,5.81E+02
2.93E-07,5.22E+02
2.94E-07,5.36E+02
2.95E-07,5.09E+02
2.96E-07,5.53E+02
2.97E-07,5.10E+02
2.98E-07,5.07E+02
2.99E-07,4.66E+02
3.00E-07,4.84E+02
3.01E-07,4.20E+02
3.02E-07,4.56E+02
3.03E-07,4.89E+02
3.04E-07,6.21E+02
3.05E-07,6.03E+02
3.06E-07,5.95E+02
3.07E-07,5.56E+02
3.08E-07,6.15E+02
3.09E-07,6.11E+02
3.10E-07,4.97E+02
3.11E-07,6.22E+02
3.12E-07,7.29E+02
3.13E-07,6.56E+02
3.14E-07,7.00E+02
3.15E-07,6.63E+02
3.16E-07,6.33E+02
3.17E-07,6.33E+02
3.18E-07,7.74E+02
3.19E-07,6.65E+02
3.20E-07,7.11E+02
3.21E-07,8.05E+02
3.22E-07,7.00E+02
3.23E-07,6.89E+02
3.24E-07,6.61E+02
3.25E-07,7.61E+02
3.26E-07,8.76E+02
3.27E-07,9.80E+02
3.28E-07,9.53E+02
3.29E-07,9.18E+02
3.30E-07,1.06E+03
3.31E-07,1.02E+03
3.32E-07,9.66E+02
3.33E-07,9.55E+02
3.34E-07,9.22E+02
3.35E-07,9.59E+02
3.36E-07,9.43E+02
3.37E-07,8.10E+02
3.38E-07,8.42E+02
3.39E-07,9.22E+02
3.40E-07,9.58E+02
3.41E-07,1.01E+03
3.42E-07,9.24E+02
3.43E-07,9.93E+02
3.44E-07,9.51E+02
3.45E-07,7.96E+02
3.46E-07,9.39E+02
3.47E-07,9.26E+02
3.48E-07,9.02E+02
3.49E-07,8.97E+02
3.50E-07,8.90E+02
3.51E-07,1.05E+03
3.52E-07,9.80E+02
3.53E-07,9.08E+02
3.54E-07,1.03E+03
3.55E-07,1.11E+03
3.56E-07,1.05E+03
3.57E-07,9.12E+02
3.58E-07,7.96E+02
3.59E-07,6.94E+02
3.60E-07,9.91E+02
3.61E-07,9.71E+02
3.62E-07,8.78E+02
3.63E-07,9.98E+02
3.64E-07,9.97E+02
3.65E-07,1.01E+03
3.66E-07,1.15E+03
3.67E-07,1.23E+03
3.68E-07,1.18E+03
3.69E-07,1.10E+03
3.70E-07,1.23E+03
3.71E-07,1.14E+03
3.72E-07,1.18E+03
3.73E-07,1.05E+03
3.74E-07,9.20E+02
3.75E-07,9.00E+02
3.76E-07,1.06E+03
3.77E-07,1.09E+03
3.78E-07,1.28E+03
3.79E-07,1.33E+03
3.80E-07,1.07E+03
3.81E-07,1.20E+03
3.82E-07,1.08E+03
3.83E-07,7.91E+02
3.84E-07,6.84E+02
3.85E-07,9.60E+02
3.86E-07,1.01E+03
3.87E-07,1.01E+03
3.88E-07,1.00E+03
3.89E-07,9.84E+02
3.90E-07,1.17E+03
3.91E-07,1.25E+03
3.92E-07,1.34E+03
3.93E-07,1.02E+03
3.94E-07,5.82E+02
3.95E-07,1.03E+03
3.96E-07,1.31E+03
3.97E-07,8.55E+02
3.98E-07,9.29E+02
3.99E-07,1.52E+03
4.00E-07,1.66E+03
4.01E-07,1.68E+03
4.02E-07,1.75E+03
4.03E-07,1.76E+03
4.04E-07,1.68E+03
4.05E-07,1.67E+03
4.06E-07,1.67E+03
4.07E-07,1.59E+03
4.08E-07,1.63E+03
4.09E-07,1.74E+03
4.10E-07,1.72E+03
4.11E-07,1.53E+03
4.12E-07,1.82E+03
4.13E-07,1.79E+03
4.14E-07,1.76E+03
4.15E-07,1.74E+03
4.16E-07,1.73E+03
4.17E-07,1.84E+03
4.18E-07,1.67E+03
4.19E-07,1.68E+03
4.20E-07,1.70E+03
4.21E-07,1.76E+03
4.22E-07,1.80E+03
4.23E-07,1.58E+03
4.24E-07,1.71E+03
4.25E-07,1.77E+03
4.26E-07,1.70E+03
4.27E-07,1.70E+03
4.28E-07,1.57E+03
4.29E-07,1.59E+03
4.30E-07,1.48E+03
4.31E-07,1.14E+03
4.32E-07,1.69E+03
4.33E-07,1.65E+03
4.34E-07,1.73E+03
4.35E-07,1.67E+03
4.36E-07,1.72E+03
4.37E-07,1.93E+03
4.38E-07,1.81E+03
4.39E-07,1.57E+03
4.40E-07,1.83E+03
4.41E-07,1.71E+03
4.42E-07,1.93E+03
4.43E-07,1.98E+03
4.44E-07,1.91E+03
4.45E-07,1.97E+03
4.46E-07,1.82E+03
4.47E-07,1.89E+03
4.48E-07,2.08E+03
4.49E-07,1.97E+03
4.50E-07,2.03E+03
4.51E-07,2.14E+03
4.52E-07,2.11E+03
4.53E-07,1.94E+03
4.54E-07,1.97E+03
4.55E-07,1.98E+03
4.56E-07,2.03E+03
4.57E-07,2.08E+03
4.58E-07,2.10E+03
4.59E-07,1.97E+03
4.60E-07,2.01E+03
4.61E-07,2.04E+03
4.62E-07,2.06E+03
4.63E-07,2.10E+03
4.64E-07,2.04E+03
4.65E-07,1.98E+03
4.66E-07,2.04E+03
4.67E-07,1.92E+03
4.68E-07,2.02E+03
4.69E-07,1.99E+03
4.70E-07,1.99E+03
4.71E-07,1.88E+03
4.72E-07,2.02E+03
4.73E-07,2.04E+03
4.74E-07,1.99E+03
4.75E-07,2.05E+03
4.76E-07,2.02E+03
4.77E-07,1.96E+03
4.78E-07,2.08E+03
4.79E-07,2.01E+03
4.80E-07,2.08E+03
4.81E-07,2.04E+03
4.82E-07,2.09E+03
4.83E-07,2.02E+03
4.84E-07,2.02E+03
4.85E-07,1.97E+03
4.86E-07,1.83E+03
4.87E-07,1.63E+03
4.88E-07,1.83E+03
4.89E-07,1.91E+03
4.90E-07,1.96E+03
4.91E-07,2.01E+03
4.92E-07,1.90E+03
4.93E-07,1.90E+03
4.94E-07,1.89E+03
4.95E-07,2.06E+03
4.96E-07,1.93E+03
4.97E-07,2.02E+03
4.98E-07,2.02E+03
4.99E-07,1.87E+03
5.00E-07,1.97E+03
5.01E-07,1.86E+03
5.02E-07,1.81E+03
5.03E-07,1.89E+03
5.04E-07,1.93E+03
5.05E-07,1.87E+03
5.06E-07,1.99E+03
5.07E-07,1.96E+03
5.08E-07,1.91E+03
5.09E-07,1.92E+03
5.10E-07,1.92E+03
5.11E-07,1.95E+03
5.12E-07,2.00E+03
5.13E-07,1.87E+03
5.14E-07,1.86E+03
5.15E-07,1.87E+03
5.16E-07,1.90E+03
5.17E-07,1.67E+03
5.18E-07,1.73E+03
5.19E-07,1.65E+03
5.20E-07,1.83E+03
5.21E-07,1.83E+03
5.22E-07,1.91E+03
5.23E-07,1.82E+03
5.24E-07,1.89E+03
5.25E-07,1.96E+03
5.26E-07,1.93E+03
5.27E-07,1.67E+03
5.28E-07,1.83E+03
5.29E-07,1.90E+03
5.30E-07,1.92E+03
5.31E-07,1.95E+03
5.32E-07,1.96E+03
5.33E-07,1.77E+03
5.34E-07,1.92E+03
5.35E-07,1.86E+03
5.36E-07,1.99E+03
5.37E-07,1.87E+03
5.38E-07,1.88E+03
5.39E-07,1.90E+03
5.40E-07,1.83E+03
5.41E-07,1.77E+03
5.42E-07,1.88E+03
5.43E-07,1.83E+03
5.44E-07,1.88E+03
5.45E-07,1.88E+03
5.46E-07,1.90E+03
5.47E-07,1.88E+03
5.48E-07,1.83E+03
5.49E-07,1.86E+03
5.50E-07,1.90E+03
5.51E-07,1.86E+03
5.52E-07,1.87E+03
5.53E-07,1.85E+03
5.54E-07,1.88E+03
5.55E-07,1.90E+03
5.56E-07,1.90E+03
5.57E-07,1.82E+03
5.58E-07,1.85E+03
5.59E-07,1.79E+03
5.60E-07,1.81E+03
5.61E-07,1.84E+03
5.62E-07,1.82E+03
5.63E-07,1.85E+03
5.64E-07,1.86E+03
5.65E-07,1.85E+03
5.66E-07,1.80E+03
5.67E-07,1.83E+03
5.68E-07,1.89E+03
5.69E-07,1.81E+03
5.70E-07,1.86E+03
5.71E-07,1.77E+03
5.72E-07,1.82E+03
5.73E-07,1.89E+03
5.74E-07,1.88E+03
5.75E-07,1.87E+03
5.76E-07,1.83E+03
5.77E-07,1.85E+03
5.78E-07,1.86E+03
5.79E-07,1.78E+03
5.80E-07,1.83E+03
5.81E-07,1.84E+03
5.82E-07,1.85E+03
5.83E-07,1.87E+03
5.84E-07,1.86E+03
5.85E-07,1.86E+03
5.86E-07,1.78E+03
5.87E-07,1.83E+03
5.88E-07,1.85E+03
5.89E-07,1.75E+03
5.90E-07,1.61E+03
5.91E-07,1.81E+03
5.92E-07,1.79E+03
5.93E-07,1.81E+03
5.94E-07,1.80E+03
5.95E-07,1.77E+03
5.96E-07,1.78E+03
5.97E-07,1.81E+03
5.98E-07,1.78E+03
5.99E-07,1.76E+03
6.00E-07,1.77E+03
6.01E-07,1.75E+03
6.02E-07,1.75E+03
6.03E-07,1.72E+03
6.04E-07,1.79E+03
6.05E-07,1.78E+03
6.06E-07,1.76E+03
6.07E-07,1.76E+03
6.08E-07,1.76E+03
6.09E-07,1.74E+03
6.10E-07,1.74E+03
6.11E-07,1.70E+03
6.12E-07,1.75E+03
6.13E-07,1.71E+03
6.14E-07,1.68E+03
6.15E-07,1.71E+03
6.16E-07,1.71E+03
6.17E-07,1.61E+03
6.18E-07,1.71E+03
6.19E-07,1.72E+03
6.20E-07,1.71E+03
6.21E-07,1.73E+03
6.22E-07,1.69E+03
6.23E-07,1.71E+03
6.24E-07,1.67E+03
6.25E-07,1.66E+03
6.26E-07,1.63E+03
6.27E-07,1.70E+03
6.28E-07,1.70E+03
6.29E-07,1.70E+03
6.30E-07,1.68E+03
0.000000631,1.64E+03
0.000000633,1.65E+03
0.000000635,1.66E+03
0.000000637,1.65E+03
0.000000639,1.65E+03
0.000000641,1.61E+03
0.000000643,1.62E+03
0.000000645,1.63E+03
0.000000647,1.60E+03
0.000000649,1.56E+03
0.000000651,1.61E+03
0.000000653,1.60E+03
0.000000655,1.53E+03
0.000000657,1.38E+03
0.000000659,1.55E+03
0.000000661,1.57E+03
0.000000663,1.56E+03
0.000000665,1.56E+03
0.000000667,1.54E+03
0.000000669,1.55E+03
0.000000671,1.52E+03
0.000000673,1.52E+03
0.000000675,1.51E+03
0.000000677,1.51E+03
0.000000679,1.50E+03
0.000000681,1.49E+03
0.000000683,1.48E+03
0.000000685,1.46E+03
0.000000687,1.47E+03
0.000000689,1.46E+03
0.000000691,1.45E+03
0.000000693,1.45E+03
0.000000695,1.44E+03
0.000000697,1.42E+03
0.000000699,1.43E+03
0.000000701,1.39E+03
0.000000703,1.39E+03
0.000000705,1.42E+03
0.000000707,1.40E+03
0.000000709,1.38E+03
0.000000711,1.39E+03
0.000000713,1.37E+03
0.000000715,1.37E+03
0.000000717,1.35E+03
0.000000719,1.33E+03
0.000000721,1.33E+03
0.000000723,1.35E+03
0.000000725,1.35E+03
0.000000727,1.35E+03
0.000000729,1.32E+03
0.000000731,1.33E+03
0.000000733,1.32E+03
0.000000735,1.31E+03
0.000000737,1.31E+03
0.000000739,1.28E+03
0.000000741,1.26E+03
0.000000743,1.29E+03
0.000000745,1.28E+03
0.000000747,1.28E+03
0.000000749,1.27E+03
0.000000751,1.26E+03
0.000000753,1.26E+03
0.000000755,1.26E+03
0.000000757,1.25E+03
0.000000759,1.24E+03
0.000000761,1.24E+03
0.000000763,1.24E+03
0.000000765,1.22E+03
0.000000767,1.19E+03
0.000000769,1.20E+03
0.000000771,1.20E+03
0.000000773,1.21E+03
0.000000775,1.19E+03
0.000000777,1.20E+03
0.000000779,1.19E+03
0.000000781,1.19E+03
0.000000783,1.18E+03
0.000000785,1.18E+03
0.000000787,1.18E+03
0.000000789,1.17E+03
0.000000791,1.16E+03
0.000000793,1.14E+03
0.000000795,1.13E+03
0.000000797,1.15E+03
0.000000799,1.14E+03
0.000000801,1.14E+03
0.000000803,1.13E+03
0.000000805,1.12E+03
0.000000807,1.12E+03
0.000000809,1.10E+03
0.000000811,1.11E+03
0.000000813,1.12E+03
0.000000815,1.11E+03
0.000000817,1.10E+03
0.000000819,1.06E+03
0.000000821,1.08E+03
0.000000823,1.07E+03
0.000000825,1.08E+03
0.000000826,1.08E+03
0.000000828,1.08E+03
0.00000083,1.06E+03
0.000000832,1.05E+03
0.000000834,1.04E+03
0.000000836,1.05E+03
0.000000838,1.04E+03
0.00000084,1.04E+03
0.000000842,1.04E+03
0.000000844,1.02E+03
0.000000846,1.03E+03
0.000000848,1.02E+03
0.00000085,9.66E+02
0.000000852,9.96E+02
0.000000854,8.78E+02
0.000000856,9.76E+02
0.000000858,1.01E+03
0.00000086,9.97E+02
0.000000862,9.95E+02
0.000000864,9.99E+02
0.000000866,8.86E+02
0.000000868,9.40E+02
0.00000087,9.75E+02
0.000000872,9.83E+02
0.000000874,9.71E+02
0.000000876,9.64E+02
0.000000878,9.75E+02
0.00000088,9.55E+02
0.000000882,9.51E+02
0.000000884,9.58E+02
0.000000886,9.38E+02
0.000000888,9.44E+02
0.00000089,9.53E+02
0.000000892,9.39E+02
0.000000894,9.33E+02
0.000000896,9.39E+02
0.000000898,9.34E+02
0.0000009,9.16E+02
0.000000902,8.92E+02
0.000000904,9.29E+02
0.000000906,9.18E+02
0.000000908,9.03E+02
0.00000091,8.92E+02
0.000000912,8.97E+02
0.000000914,9.07E+02
0.000000916,9.00E+02
0.000000918,8.95E+02
0.00000092,8.91E+02
0.000000922,8.63E+02
0.000000924,8.59E+02
0.000000926,8.61E+02
0.000000928,8.77E+02
0.00000093,8.68E+02
0.000000932,8.65E+02
0.000000934,8.64E+02
0.000000936,8.55E+02
0.000000938,8.58E+02
0.00000094,8.44E+02
0.000000942,8.25E+02
0.000000944,8.32E+02
0.000000946,8.38E+02
0.000000948,8.41E+02
0.00000095,8.37E+02
0.000000952,8.32E+02
0.000000954,8.08E+02
0.000000956,8.08E+02
0.000000958,8.19E+02
0.00000096,8.15E+02
0.000000962,8.09E+02
0.000000964,8.01E+02
0.000000966,7.95E+02
0.000000968,7.97E+02
0.00000097,7.96E+02
0.000000972,7.94E+02
0.000000974,7.82E+02
0.000000976,7.83E+02
0.000000978,7.78E+02
0.00000098,7.75E+02
0.000000982,7.76E+02
0.000000984,7.70E+02
0.000000986,7.66E+02
0.000000988,7.62E+02
0.00000099,7.54E+02
0.000000992,7.57E+02
0.000000994,7.56E+02
0.000000996,7.53E+02
0.000000998,7.51E+02
0.000001,7.48E+02
0.000001002,7.47E+02
0.000001004,7.26E+02
0.000001006,7.14E+02
0.000001008,7.34E+02
0.00000101,7.31E+02
0.000001012,7.26E+02
0.000001014,7.21E+02
0.000001016,7.14E+02
0.000001018,7.11E+02
0.00000102,7.04E+02
0.000001022,7.02E+02
0.000001024,7.05E+02
0.000001026,7.03E+02
0.000001028,6.99E+02
0.00000103,6.94E+02
0.000001032,6.91E+02
0.000001034,6.82E+02
0.000001036,6.84E+02
0.000001038,6.77E+02
0.00000104,6.76E+02
0.000001042,6.75E+02
0.000001044,6.71E+02
0.000001046,6.60E+02
0.000001048,6.64E+02
0.00000105,6.62E+02
0.000001052,6.59E+02
0.000001054,6.55E+02
0.000001056,6.56E+02
0.000001058,6.45E+02
0.00000106,6.42E+02
0.000001062,6.44E+02
0.000001064,6.46E+02
0.000001066,6.40E+02
0.000001068,6.32E+02
0.00000107,6.24E+02
0.000001072,6.33E+02
0.000001074,6.28E+02
0.000001076,6.28E+02
0.000001078,6.27E+02
0.00000108,6.25E+02
0.000001082,6.10E+02
0.000001084,6.18E+02
0.000001086,6.21E+02
0.000001088,6.10E+02
0.00000109,6.20E+02
0.000001092,6.16E+02
0.000001094,5.85E+02
0.000001096,5.98E+02
0.000001098,5.96E+02
0.0000011,6.04E+02
0.000001102,5.93E+02
0.000001104,5.97E+02
0.000001106,5.95E+02
0.000001108,5.92E+02
0.00000111,5.91E+02
0.000001112,5.84E+02
0.000001114,5.84E+02
0.000001116,5.83E+02
0.000001118,5.82E+02
0.00000112,5.74E+02
0.000001122,5.80E+02
0.000001124,5.77E+02
0.000001126,5.66E+02
0.000001128,5.70E+02
0.00000113,5.65E+02
0.000001132,5.68E+02
0.000001134,5.64E+02
0.000001136,5.66E+02
0.000001138,5.57E+02
0.00000114,5.53E+02
0.000001142,5.53E+02
0.000001144,5.51E+02
0.000001146,5.55E+02
0.000001148,5.53E+02
0.00000115,5.49E+02
0.000001152,5.46E+02
0.000001154,5.48E+02
0.000001156,5.46E+02
0.000001158,5.44E+02
0.00000116,5.32E+02
0.000001162,5.33E+02
0.000001164,5.33E+02
0.000001166,5.30E+02
0.000001168,5.31E+02
0.00000117,5.28E+02
0.000001172,5.32E+02
0.000001174,5.27E+02
0.000001176,5.18E+02
0.000001178,5.19E+02
0.00000118,5.24E+02
0.000001182,5.16E+02
0.000001184,5.10E+02
0.000001186,5.19E+02
0.000001188,5.08E+02
0.00000119,5.09E+02
0.000001192,5.16E+02
0.000001194,5.15E+02
0.000001196,5.08E+02
0.000001198,4.94E+02
0.0000012,5.00E+02
0.000001202,5.07E+02
0.000001204,4.95E+02
0.000001206,5.04E+02
0.000001208,4.89E+02
0.00000121,4.88E+02
0.000001212,4.93E+02
0.000001214,4.94E+02
0.000001216,4.93E+02
0.000001218,4.90E+02
0.00000122,4.88E+02
0.000001222,4.85E+02
0.000001224,4.85E+02
0.000001226,4.82E+02
0.000001228,4.77E+02
0.00000123,4.79E+02
0.000001232,4.75E+02
0.000001234,4.73E+02
0.000001236,4.72E+02
0.000001238,4.70E+02
0.00000124,4.65E+02
0.000001242,4.64E+02
0.000001244,4.62E+02
0.000001246,4.64E+02
0.000001248,4.63E+02
0.00000125,4.62E+02
0.000001252,4.57E+02
0.000001254,4.57E+02
0.000001256,4.55E+02
0.000001258,4.53E+02
0.00000126,4.53E+02
0.000001262,4.50E+02
0.000001264,4.48E+02
0.000001266,4.47E+02
0.000001268,4.42E+02
0.00000127,4.45E+02
0.000001272,4.45E+02
0.000001274,4.43E+02
0.000001276,4.45E+02
0.000001278,4.44E+02
0.00000128,4.36E+02
0.000001282,4.01E+02
0.000001284,4.26E+02
0.000001286,4.33E+02
0.000001288,4.31E+02
0.00000129,4.26E+02
0.000001292,4.25E+02
0.000001294,4.22E+02
0.000001296,4.22E+02
0.000001298,4.18E+02
0.0000013,4.19E+02
0.000001302,4.14E+02
0.000001304,4.11E+02
0.000001306,4.14E+02
0.000001308,4.12E+02
0.00000131,4.11E+02
0.000001312,4.03E+02
0.000001314,4.02E+02
0.000001316,3.98E+02
0.000001318,4.02E+02
0.00000132,4.02E+02
0.000001322,3.99E+02
0.000001324,3.98E+02
0.000001326,3.95E+02
0.000001328,3.91E+02
0.00000133,3.88E+02
0.000001332,3.86E+02
0.000001334,3.89E+02
0.000001336,3.87E+02
0.000001338,3.83E+02
0.00000134,3.79E+02
0.000001342,3.81E+02
0.000001344,3.80E+02
0.000001346,3.77E+02
0.000001348,3.77E+02
0.00000135,3.72E+02
0.000001352,3.74E+02
0.000001354,3.72E+02
0.000001356,3.68E+02
0.000001358,3.69E+02
0.00000136,3.67E+02
0.000001362,3.68E+02
0.000001364,3.66E+02
0.000001366,3.66E+02
0.000001368,3.63E+02
0.00000137,3.60E+02
0.000001372,3.62E+02
0.000001374,3.61E+02
0.000001376,3.56E+02
0.000001378,3.58E+02
0.00000138,3.58E+02
0.000001382,3.55E+02
0.000001384,3.55E+02
0.000001386,3.53E+02
0.000001388,3.53E+02
0.00000139,3.51E+02
0.000001392,3.51E+02
0.000001394,3.49E+02
0.000001396,3.49E+02
0.000001398,3.49E+02
0.0000014,3.43E+02
0.000001402,3.44E+02
0.000001404,3.43E+02
0.000001406,3.43E+02
0.000001408,3.43E+02
0.00000141,3.42E+02
0.000001412,3.35E+02
0.000001414,3.38E+02
0.000001416,3.39E+02
0.000001418,3.39E+02
0.00000142,3.36E+02
0.000001422,3.32E+02
0.000001424,3.31E+02
0.000001426,3.28E+02
0.000001428,3.29E+02
0.00000143,3.26E+02
0.000001432,3.30E+02
0.000001434,3.28E+02
0.000001436,3.29E+02
0.000001438,3.28E+02
0.00000144,3.19E+02
0.000001442,3.19E+02
0.000001444,3.20E+02
0.000001446,3.22E+02
0.000001448,3.22E+02
0.00000145,3.19E+02
0.000001452,3.15E+02
0.000001454,3.14E+02
0.000001456,3.13E+02
0.000001458,3.17E+02
0.00000146,3.16E+02
0.000001462,3.12E+02
0.000001464,3.11E+02
0.000001466,3.11E+02
0.000001468,3.11E+02
0.00000147,3.10E+02
0.000001472,3.07E+02
0.000001474,3.03E+02
0.000001476,3.05E+02
0.000001478,3.04E+02
0.00000148,3.07E+02
0.000001482,3.04E+02
0.000001484,3.04E+02
0.000001486,3.03E+02
0.000001488,2.86E+02
0.00000149,3.02E+02
0.000001492,3.02E+02
0.000001494,3.03E+02
0.000001496,2.97E+02
0.000001498,2.99E+02
0.0000015,3.01E+02
0.000001502,2.92E+02
0.000001504,2.80E+02
0.000001506,2.85E+02
0.000001508,2.92E+02
0.00000151,2.95E+02
0.000001512,2.91E+02
0.000001514,2.88E+02
0.000001516,2.88E+02
0.000001518,2.88E+02
0.00000152,2.87E+02
0.000001522,2.82E+02
0.000001524,2.84E+02
0.000001526,2.85E+02
0.000001528,2.85E+02
0.00000153,2.77E+02
0.000001532,2.82E+02
0.000001534,2.78E+02
0.000001536,2.81E+02
0.000001538,2.77E+02
0.00000154,2.73E+02
0.000001542,2.75E+02
0.000001544,2.78E+02
0.000001546,2.77E+02
0.000001548,2.71E+02
0.00000155,2.71E+02
0.000001552,2.73E+02
0.000001554,2.68E+02
0.000001556,2.67E+02
0.000001558,2.69E+02
0.00000156,2.68E+02
0.000001562,2.70E+02
0.000001564,2.67E+02
0.000001566,2.65E+02
0.000001568,2.63E+02
0.00000157,2.65E+02
0.000001572,2.67E+02
0.000001574,2.61E+02
0.000001576,2.54E+02
0.000001578,2.55E+02
0.00000158,2.65E+02
0.000001582,2.59E+02
0.000001584,2.59E+02
0.000001586,2.60E+02
0.000001588,2.49E+02
0.00000159,2.41E+02
0.000001592,2.53E+02
0.000001594,2.58E+02
0.000001596,2.51E+02
0.000001598,2.55E+02
0.0000016,2.51E+02
0.000001602,2.49E+02
0.000001604,2.50E+02
0.000001606,2.48E+02
0.000001608,2.49E+02
0.00000161,2.40E+02
0.000001612,2.43E+02
0.000001614,2.45E+02
0.000001616,2.37E+02
0.000001618,2.42E+02
0.00000162,2.37E+02
0.000001622,2.38E+02
0.000001624,2.42E+02
0.000001626,2.40E+02
0.000001628,2.42E+02
0.00000163,2.39E+02
0.000001632,2.39E+02
0.000001634,2.36E+02
0.000001636,2.36E+02
0.000001638,2.27E+02
0.00000164,2.26E+02
0.000001642,2.27E+02
0.000001644,2.28E+02
0.000001646,2.29E+02
0.000001648,2.29E+02
0.00000165,2.27E+02
0.000001652,2.27E+02
0.000001654,2.26E+02
0.000001656,2.26E+02
0.000001658,2.25E+02
0.00000166,2.25E+02
0.000001662,2.25E+02
0.000001664,2.23E+02
0.000001666,2.21E+02
0.000001668,2.19E+02
0.00000167,2.23E+02
0.000001672,2.17E+02
0.000001674,2.19E+02
0.000001676,2.16E+02
0.000001678,2.17E+02
0.00000168,2.08E+02
0.000001682,2.05E+02
0.000001684,2.13E+02
0.000001686,2.13E+02
0.000001688,2.12E+02
0.00000169,2.11E+02
0.000001692,2.12E+02
0.000001694,2.11E+02
0.000001696,2.10E+02
0.000001698,2.09E+02
0.0000017,2.06E+02
0.000001702,2.05E+02
0.000001704,2.05E+02
0.000001706,2.05E+02
0.000001708,2.02E+02
0.00000171,2.01E+02
0.000001712,1.98E+02
0.000001714,2.04E+02
0.000001716,2.02E+02
0.000001718,2.01E+02
0.00000172,1.99E+02
0.000001722,1.98E+02
0.000001724,1.95E+02
0.000001726,1.98E+02
0.000001728,1.97E+02
0.00000173,1.98E+02
0.000001732,1.94E+02
0.000001734,1.87E+02
0.000001736,1.83E+02
0.000001738,1.86E+02
0.00000174,1.91E+02
0.000001742,1.90E+02
0.000001744,1.91E+02
0.000001746,1.87E+02
0.000001748,1.87E+02
0.00000175,1.86E+02
0.000001752,1.85E+02
0.000001754,1.86E+02
0.000001756,1.85E+02
0.000001758,1.84E+02
0.00000176,1.83E+02
0.000001762,1.79E+02
0.000001764,1.81E+02
0.000001766,1.82E+02
0.000001768,1.80E+02
0.00000177,1.79E+02
0.000001772,1.79E+02
0.000001774,1.79E+02
0.000001776,1.76E+02
0.000001778,1.75E+02
0.00000178,1.76E+02
0.000001782,1.75E+02
0.000001784,1.74E+02
0.000001786,1.74E+02
0.000001788,1.75E+02
0.00000179,1.73E+02
0.000001792,1.72E+02
0.000001794,1.71E+02
0.000001796,1.71E+02
0.000001798,1.70E+02
0.0000018,1.70E+02
0.000001802,1.67E+02
0.000001804,1.69E+02
0.000001806,1.69E+02
0.000001808,1.69E+02
0.00000181,1.69E+02
0.000001812,1.68E+02
0.000001814,1.66E+02
0.000001816,1.61E+02
0.000001818,1.52E+02
0.00000182,1.60E+02
0.000001822,1.60E+02
0.000001824,1.62E+02
0.000001826,1.63E+02
0.000001828,1.61E+02
0.00000183,1.61E+02
0.000001832,1.59E+02
0.000001834,1.59E+02
0.000001836,1.58E+02
0.000001838,1.56E+02
0.00000184,1.56E+02
0.000001842,1.54E+02
0.000001844,1.54E+02
0.000001846,1.54E+02
0.000001848,1.51E+02
0.00000185,1.55E+02
0.000001852,1.53E+02
0.000001854,1.53E+02
0.000001856,1.51E+02
0.000001858,1.53E+02
0.00000186,1.50E+02
0.000001862,1.50E+02
0.000001864,1.51E+02
0.000001866,1.49E+02
0.000001868,1.49E+02
0.00000187,1.51E+02
0.000001872,1.47E+02
0.000001874,1.40E+02
0.000001876,1.30E+02
0.000001878,1.44E+02
0.00000188,1.46E+02
0.000001882,1.47E+02
0.000001884,1.46E+02
0.000001886,1.44E+02
0.000001888,1.45E+02
0.00000189,1.42E+02
0.000001892,1.41E+02
0.000001894,1.40E+02
0.000001896,1.37E+02
0.000001898,1.39E+02
0.0000019,1.40E+02
0.000001902,1.41E+02
0.000001904,1.39E+02
0.000001906,1.39E+02
0.000001908,1.38E+02
0.00000191,1.38E+02
0.000001912,1.35E+02
0.000001914,1.37E+02
0.000001916,1.36E+02
0.000001918,1.35E+02
0.00000192,1.33E+02
0.000001922,1.35E+02
0.000001924,1.34E+02
0.000001926,1.34E+02
0.000001928,1.32E+02
0.00000193,1.31E+02
0.000001932,1.31E+02
0.000001934,1.32E+02
0.000001936,1.33E+02
0.000001938,1.32E+02
0.00000194,1.30E+02
0.000001942,1.29E+02
0.000001944,1.20E+02
0.000001946,1.19E+02
0.000001948,1.27E+02
0.00000195,1.26E+02
0.000001952,1.26E+02
0.000001954,1.29E+02
0.000001956,1.28E+02
0.000001958,1.27E+02
0.00000196,1.26E+02
0.000001962,1.24E+02
0.000001964,1.22E+02
0.000001966,1.23E+02
0.000001968,1.24E+02
0.00000197,1.24E+02
0.000001972,1.21E+02
0.000001974,1.21E+02
0.000001976,1.22E+02
0.000001978,1.19E+02
0.00000198,1.20E+02
0.000001982,1.21E+02
0.000001984,1.20E+02
0.000001986,1.18E+02
0.000001988,1.20E+02
0.00000199,1.20E+02
0.000001992,1.18E+02
0.000001994,1.16E+02
0.000001996,1.17E+02
0.000001998,1.16E+02
0.000002,1.17E+02
0.000002002,1.16E+02
0.000002004,1.15E+02
0.000002006,1.15E+02
0.000002008,1.15E+02
0.00000201,1.15E+02
0.000002012,1.15E+02
0.000002014,1.14E+02
0.000002016,1.14E+02
0.000002018,1.13E+02
0.00000202,1.12E+02
0.000002022,1.11E+02
0.000002024,1.12E+02
0.000002026,1.12E+02
0.000002028,1.11E+02
0.00000203,1.09E+02
0.000002032,1.10E+02
0.000002034,1.09E+02
0.000002036,1.08E+02
0.000002038,1.06E+02
0.00000204,1.08E+02
0.000002042,1.08E+02
0.000002044,1.08E+02
0.000002046,1.07E+02
0.000002048,1.06E+02
0.00000205,1.06E+02
0.000002052,1.05E+02
0.000002054,1.05E+02
0.000002056,1.05E+02
0.000002058,1.04E+02
0.00000206,1.03E+02
0.000002062,1.02E+02
0.000002064,1.01E+02
0.000002066,1.03E+02
0.000002068,1.02E+02
0.00000207,1.00E+02
0.000002072,1.00E+02
0.000002074,1.01E+02
0.000002076,1.01E+02
0.000002078,1.00E+02
0.00000208,9.88E+01
0.000002082,9.86E+01
0.000002084,9.77E+01
0.000002086,9.85E+01
0.000002088,9.84E+01
0.00000209,9.79E+01
0.000002092,9.57E+01
0.000002094,9.59E+01
0.000002096,9.58E+01
0.000002098,9.62E+01
0.0000021,9.61E+01
0.000002102,9.58E+01
0.000002104,9.56E+01
0.000002106,9.57E+01
0.000002108,9.51E+01
0.00000211,9.40E+01
0.000002112,9.45E+01
0.000002114,9.44E+01
0.000002116,9.33E+01
0.000002118,9.31E+01
0.00000212,9.28E+01
0.000002122,9.28E+01
0.000002124,9.19E+01
0.000002126,9.21E+01
0.000002128,9.23E+01
0.00000213,9.21E+01
0.000002132,9.21E+01
0.000002134,9.16E+01
0.000002136,9.01E+01
0.000002138,9.11E+01
0.00000214,9.08E+01
0.000002142,9.06E+01
0.000002144,9.01E+01
0.000002146,8.94E+01
0.000002148,8.98E+01
0.00000215,8.96E+01
0.000002152,8.91E+01
0.000002154,8.88E+01
0.000002156,8.87E+01
0.000002158,8.84E+01
0.00000216,8.78E+01
0.000002162,8.69E+01
0.000002164,8.46E+01
0.000002166,7.85E+01
0.000002168,8.30E+01
0.00000217,8.56E+01
0.000002172,8.59E+01
0.000002174,8.59E+01
0.000002176,8.53E+01
0.000002178,8.43E+01
0.00000218,8.50E+01
0.000002182,8.43E+01
0.000002184,8.46E+01
0.000002186,8.47E+01
0.000002188,8.28E+01
0.00000219,8.30E+01
0.000002192,8.38E+01
0.000002194,8.35E+01
0.000002196,8.32E+01
0.000002198,8.30E+01
0.0000022,8.27E+01
0.000002202,8.23E+01
0.000002204,8.21E+01
0.000002206,7.97E+01
0.000002208,7.97E+01
0.00000221,8.08E+01
0.000002212,8.11E+01
0.000002214,8.07E+01
0.000002216,7.99E+01
0.000002218,7.97E+01
0.00000222,8.00E+01
0.000002222,7.96E+01
0.000002224,7.93E+01
0.000002226,7.81E+01
0.000002228,7.83E+01
0.00000223,7.83E+01
0.000002232,7.82E+01
0.000002234,7.80E+01
0.000002236,7.76E+01
0.000002238,7.65E+01
0.00000224,7.64E+01
0.000002242,7.64E+01
0.000002244,7.62E+01
0.000002246,7.61E+01
0.000002248,7.52E+01
0.00000225,7.54E+01
0.000002252,7.51E+01
0.000002254,7.40E+01
0.000002256,7.42E+01
0.000002258,7.44E+01
0.00000226,7.42E+01
0.000002262,7.30E+01
0.000002264,7.33E+01
0.000002266,7.32E+01
0.000002268,7.33E+01
0.00000227,7.30E+01
0.000002272,7.28E+01
0.000002274,7.25E+01
0.000002276,7.24E+01
0.000002278,7.24E+01
0.00000228,7.17E+01
0.000002282,7.01E+01
0.000002284,7.13E+01
0.000002286,7.12E+01
0.000002288,7.13E+01
0.00000229,7.11E+01
0.000002292,7.07E+01
0.000002294,6.92E+01
0.000002296,6.91E+01
0.000002298,6.92E+01
0.0000023,6.95E+01
0.000002302,6.96E+01
0.000002304,6.93E+01
0.000002306,6.92E+01
0.000002308,6.90E+01
0.00000231,6.87E+01
0.000002312,6.87E+01
0.000002314,6.83E+01
0.000002316,6.78E+01
0.000002318,6.75E+01
0.00000232,6.77E+01
0.000002322,6.68E+01
0.000002324,6.54E+01
0.000002326,6.56E+01
0.000002328,6.63E+01
0.00000233,6.62E+01
0.000002332,6.58E+01
0.000002334,6.57E+01
0.000002336,6.54E+01
0.000002338,6.50E+01
0.00000234,6.52E+01
0.000002342,6.54E+01
0.000002344,6.51E+01
0.000002346,6.49E+01
0.000002348,6.47E+01
0.00000235,6.45E+01
0.000002352,6.29E+01
0.000002354,6.24E+01
0.000002356,6.28E+01
0.000002358,6.27E+01
0.00000236,6.31E+01
0.000002362,6.31E+01
0.000002364,6.30E+01
0.000002366,6.28E+01
0.000002368,6.26E+01
0.00000237,6.21E+01
0.000002372,6.21E+01
0.000002374,6.07E+01
0.000002376,6.16E+01
0.000002378,6.19E+01
0.00000238,6.17E+01
0.000002382,6.10E+01
0.000002384,5.89E+01
0.000002386,5.91E+01
0.000002388,6.00E+01
0.00000239,6.03E+01
0.000002392,6.01E+01
0.000002394,6.00E+01
0.000002396,6.00E+01
0.000002398,5.99E+01
0.0000024,5.94E+01
0.000002402,5.97E+01
0.000002404,5.95E+01
0.000002406,5.92E+01
0.000002408,5.92E+01
0.00000241,5.90E+01
0.000002412,5.89E+01
0.000002414,5.73E+01
0.000002416,5.60E+01
0.000002418,5.75E+01
0.00000242,5.77E+01
0.000002422,5.77E+01
0.000002424,5.73E+01
0.000002426,5.72E+01
0.000002428,5.71E+01
0.00000243,5.71E+01
0.000002432,5.70E+01
0.000002434,5.64E+01
0.000002436,5.62E+01
0.000002438,5.60E+01
0.00000244,5.64E+01
0.000002442,5.62E+01
0.000002444,5.60E+01
0.000002446,5.50E+01
0.000002448,5.46E+01
0.00000245,5.46E+01
0.000002452,5.43E+01
0.000002454,5.46E+01
0.000002456,5.37E+01
0.000002458,5.39E+01
0.00000246,5.46E+01
0.000002462,5.44E+01
0.000002464,5.44E+01
0.000002466,5.41E+01
0.000002468,5.39E+01
0.00000247,5.29E+01
0.000002472,5.33E+01
0.000002474,5.31E+01
0.000002476,5.34E+01
0.000002478,5.30E+01
0.00000248,5.18E+01
0.000002482,5.14E+01
0.000002484,5.22E+01
0.000002486,5.16E+01
0.000002488,5.17E+01
0.00000249,5.23E+01
0.000002492,5.20E+01
0.000002494,5.18E+01
0.000002496,5.15E+01
0.000002498,5.15E+01
0.0000025,5.16E+01
0.00000252,4.98E+01
0.00000254,4.81E+01
0.00000256,4.67E+01
0.00000258,4.55E+01
0.0000026,4.46E+01
0.00000262,4.31E+01
0.00000264,4.21E+01
0.00000266,4.08E+01
0.00000268,3.97E+01
0.0000027,3.87E+01
0.00000272,3.76E+01
0.00000274,3.66E+01
0.00000276,3.55E+01
0.00000278,3.47E+01
0.0000028,3.39E+01
0.00000282,3.30E+01
0.00000284,3.21E+01
0.00000286,3.12E+01
0.00000288,3.03E+01
0.0000029,2.97E+01
0.00000292,2.89E+01
0.00000294,2.82E+01
0.00000296,2.75E+01
0.00000298,2.68E+01
0.000003,2.61E+01
0.00000302,2.55E+01
0.00000304,2.47E+01
0.00000306,2.42E+01
0.00000308,2.36E+01
0.0000031,2.31E+01
0.00000312,2.25E+01
0.00000314,2.20E+01
0.00000316,2.14E+01
0.00000318,2.10E+01
0.0000032,2.05E+01
0.00000322,2.00E+01
0.00000324,1.95E+01
0.00000326,1.91E+01
0.00000328,1.86E+01
0.0000033,1.80E+01
0.00000332,1.77E+01
0.00000334,1.74E+01
0.00000336,1.70E+01
0.00000338,1.66E+01
0.0000034,1.62E+01
0.00000342,1.58E+01
0.00000344,1.55E+01
0.00000346,1.52E+01
0.00000348,1.49E+01
0.0000035,1.46E+01
0.00000352,1.43E+01
0.00000354,1.39E+01
0.00000356,1.36E+01
0.00000358,1.33E+01
0.0000036,1.31E+01
0.00000362,1.28E+01
0.00000364,1.25E+01
0.00000366,1.22E+01
0.00000368,1.19E+01
0.0000037,1.16E+01
0.00000372,1.15E+01
0.00000374,1.11E+01
0.00000376,1.10E+01
0.00000378,1.08E+01
0.0000038,1.06E+01
0.00000382,1.04E+01
0.00000384,1.02E+01
0.00000386,9.98E+00
0.00000388,9.78E+00
0.0000039,9.60E+00
0.00000392,9.43E+00
0.00000394,9.23E+00
0.00000396,9.03E+00
0.00000398,8.86E+00
0.000004,8.67E+00
0.00000402,8.56E+00
0.00000404,8.39E+00
0.00000406,8.22E+00
0.00000408,8.05E+00
0.0000041,7.89E+00
0.00000412,7.74E+00
0.00000414,7.59E+00
0.00000416,7.44E+00
0.00000418,7.29E+00
0.0000042,7.15E+00
0.00000422,7.02E+00
0.00000424,6.88E+00
0.00000426,6.75E+00
0.00000428,6.62E+00
0.0000043,6.50E+00
0.00000432,6.37E+00
0.00000434,6.25E+00
0.00000436,6.14E+00
0.00000438,6.02E+00
0.0000044,5.91E+00
0.00000442,5.80E+00
0.00000444,5.70E+00
0.00000446,5.59E+00
0.00000448,5.49E+00
0.0000045,5.39E+00
0.00000452,5.30E+00
0.00000454,5.20E+00
0.00000456,5.11E+00
0.00000458,5.02E+00
0.0000046,4.93E+00
0.00000462,4.84E+00
0.00000464,4.76E+00
0.00000466,4.67E+00
0.00000468,4.59E+00
0.0000047,4.51E+00
0.00000472,4.44E+00
0.00000474,4.36E+00
0.00000476,4.29E+00
0.00000478,4.21E+00
0.0000048,4.14E+00
0.00000482,4.07E+00
0.00000484,4.00E+00
0.00000486,3.94E+00
0.00000488,3.87E+00
0.0000049,3.81E+00
0.00000492,3.74E+00
0.00000494,3.68E+00
0.00000496,3.62E+00
0.00000498,3.56E+00
0.000005,3.50E+00
